Workbook_Name,Dashboard_Name,Dashboard_ID,Dashboard_URL,Visual_Type,Columns_Used
Superstore,Overview,d8ed8829-43a1-4f8f-97c2-d114230dfcf3,https://prod-apnortheast-a.online.tableau.com/#/site/654ce3e7-df76-4c54-851b-1836b8957d6d/views/Superstore/sheets/Overview,Unknown,"Country/Region, State/Province, Profit Ratio, Latitude (generated), Longitude (generated)"
Superstore,Product,d7a1271c-8522-465e-a728-3cb80a037f0f,https://prod-apnortheast-a.online.tableau.com/#/site/654ce3e7-df76-4c54-851b-1836b8957d6d/views/Superstore/sheets/Product,Unknown,"Category, Product Name, Segment, Sub-Category, Profit Ratio, Profit, Sales"
Superstore,Customers,ba61a4b7-e6c9-4760-8a09-9e279bdf92f6,https://prod-apnortheast-a.online.tableau.com/#/site/654ce3e7-df76-4c54-851b-1836b8957d6d/views/Superstore/sheets/Customers,Unknown,"Measure Names, Region, Profit Ratio, Sales per Customer, Distinct count of Customer Name, Measure Values, Profit, Quantity, Sales"
Superstore,Shipping,731267c5-9470-4063-b06c-9a37e5bd5f02,https://prod-apnortheast-a.online.tableau.com/#/site/654ce3e7-df76-4c54-851b-1836b8957d6d/views/Superstore/sheets/Shipping,Unknown,"Customer Name, Order Date, Order ID, Product Name, Ship Mode, Ship Status, Days to Ship Actual"
Superstore,Performance,5d17c0cd-fb3e-4c40-b360-a93e79075156,https://prod-apnortheast-a.online.tableau.com/#/site/654ce3e7-df76-4c54-851b-1836b8957d6d/views/Superstore/sheets/Performance,Unknown,"Category, Month of Order Date, Segment, Year of Order Date, Sales above Target?, SUM([Sales])-SUM([Sales Target].[Sales Target]), Sales Target, Sales"
Superstore,Commission Model,75c45478-752b-4ca7-beba-c5ee4264c700,https://prod-apnortheast-a.online.tableau.com/#/site/654ce3e7-df76-4c54-851b-1836b8957d6d/views/Superstore/sheets/CommissionModel,Unknown,"Measure Names, Sales Person, Achieved Quota, Rank over 3, Total Compensation, Max. OTE (Variable), Measure Values, Achievement (estimated)"
Superstore,Order Details,35c3abd9-3e15-481b-ae96-8ffedb43bb07,https://prod-apnortheast-a.online.tableau.com/#/site/654ce3e7-df76-4c54-851b-1836b8957d6d/views/Superstore/sheets/OrderDetails,Unknown,"Customer Name, Measure Names, Order Date, Order ID, Ship Date, Ship Mode, Measure Values"
Superstore,Forecast,26c17dd1-d87f-45a6-b1cc-bd9d1d966109,https://prod-apnortheast-a.online.tableau.com/#/site/654ce3e7-df76-4c54-851b-1836b8957d6d/views/Superstore/sheets/Forecast,Unknown,"Forecast indicator, Month of Order Date, Segment, Lower Prediction Interval for Sales, Upper Prediction Interval for Sales, Sales"
Superstore,What If Forecast,e2fe3035-ef7a-489d-9fb0-4e45b6688b1b,https://prod-apnortheast-a.online.tableau.com/#/site/654ce3e7-df76-4c54-851b-1836b8957d6d/views/Superstore/sheets/WhatIfForecast,Unknown,"Measure Names, Month of Order Date, Quarter of Order Date, Region, Segment, SUM([Sales])-SUM([Sales Forecast]), Measure Values, Sales Forecast, Sales"
World Indicators,Population,5b156d8a-a167-4d06-8d7e-07868b17be17,https://prod-apnortheast-a.online.tableau.com/#/site/654ce3e7-df76-4c54-851b-1836b8957d6d/views/WorldIndicators/sheets/Population,Unknown,"Birth Rate Bin, Country/Region, Ease of Business (clusters), Region, Avg. Birth Rate, Population Total, Latitude (generated), Longitude (generated), Sum of Population Total"
World Indicators,Health Indicators,3e3e2fdf-0c13-44c7-a102-44c07bedba51,https://prod-apnortheast-a.online.tableau.com/#/site/654ce3e7-df76-4c54-851b-1836b8957d6d/views/WorldIndicators/sheets/HealthIndicators,Unknown,"Country/Region, Measure Names, Region, Avg. Birth Rate, Avg. Health Exp % GDP, Avg. Infant Mortality Rate, Avg. Life Expectancy, Measure Values"
World Indicators,Care Spend,1389d20f-044a-4161-8757-7b5b72a8808b,https://prod-apnortheast-a.online.tableau.com/#/site/654ce3e7-df76-4c54-851b-1836b8957d6d/views/WorldIndicators/sheets/CareSpend,Unknown,"Above Threshold?, Country/Region, Region, Avg. Health Exp % GDP, Avg. Health Exp/Capita, Health Exp Threshold"
World Indicators,Technology,d5bea286-7432-4042-a4ce-eb203cf11f92,https://prod-apnortheast-a.online.tableau.com/#/site/654ce3e7-df76-4c54-851b-1836b8957d6d/views/WorldIndicators/sheets/Technology,Unknown,"Measure Names, Year of Year, Internet Usage, Mobile Phone Usage"
World Indicators,Economy,fa606fab-07c1-459c-84ac-7022c2af60e3,https://prod-apnortheast-a.online.tableau.com/#/site/654ce3e7-df76-4c54-851b-1836b8957d6d/views/WorldIndicators/sheets/Economy,Unknown,"Country/Region, Measure Names, Year of Year, GDP, % Difference in Sum of GDP, % Difference in Sum of GDP, Lending Interest"
World Indicators,Tourism,4064a641-80e9-4bc1-bfb8-187cbb3b5d9f,https://prod-apnortheast-a.online.tableau.com/#/site/654ce3e7-df76-4c54-851b-1836b8957d6d/views/WorldIndicators/sheets/Tourism,Unknown,"Country/Region, Region, GDP, Tourism Inbound, Tourism Outbound"
World Indicators,Business,3d78ca18-d350-4073-9fc2-d056a2cec41b,https://prod-apnortheast-a.online.tableau.com/#/site/654ce3e7-df76-4c54-851b-1836b8957d6d/views/WorldIndicators/sheets/Business,Unknown,"Country/Region, Ease of Business (clusters), Region, Avg. Business Tax Rate, Avg. Ease of Business"
World Indicators,Global Indicators,858fcb4d-232d-486a-b17b-58e9f1c9139d,https://prod-apnortheast-a.online.tableau.com/#/site/654ce3e7-df76-4c54-851b-1836b8957d6d/views/WorldIndicators/sheets/GlobalIndicators,Unknown,"Birth Rate Bin, Country/Region, Ease of Business (clusters), Region, Avg. Birth Rate, Population Total, Latitude (generated), Longitude (generated), Sum of Population Total"
retail,Dashboard 1,bc4f3b00-f41c-412a-9399-cc506c8a7990,https://prod-apnortheast-a.online.tableau.com/#/site/654ce3e7-df76-4c54-851b-1836b8957d6d/views/retail/sheets/Dashboard1,Unknown,"Category, Saleprice"
retail,Type vs Total Sales,c19ba922-12fb-4121-9516-87c49dee2170,https://prod-apnortheast-a.online.tableau.com/#/site/654ce3e7-df76-4c54-851b-1836b8957d6d/views/retail/sheets/Sheet1,Unknown,"Type, Totalsalesamount"
retail,Average of Sales Vs Category,f9d2c60c-9d66-4671-9f26-2f7c3c605d0f,https://prod-apnortheast-a.online.tableau.com/#/site/654ce3e7-df76-4c54-851b-1836b8957d6d/views/retail/sheets/Sheet2,Unknown,"Category, Saleprice"
retail,Payment Mode Vs Price,a2bbc43b-14c6-4d55-b656-b9a6c5e039b1,https://prod-apnortheast-a.online.tableau.com/#/site/654ce3e7-df76-4c54-851b-1836b8957d6d/views/retail/sheets/PaymentModeVsPrice,Unknown,"Preferredpaymentmethod, Saleprice"
retail,Store Vs Sale,61c55a43-008f-4c67-bda2-0fdc7919ff1b,https://prod-apnortheast-a.online.tableau.com/#/site/654ce3e7-df76-4c54-851b-1836b8957d6d/views/retail/sheets/StoreVsSale,Unknown,"Storename, Saleprice"
